student_id,grade,attestation
5,0,notpassing
6,0,notpassing
8,0,notpassing
13,8,notpassing
33,0,notpassing
157,0,notpassing
234,0,notpassing
239,0,notpassing
242,0,notpassing
250,0,notpassing
254,0,notpassing
255,0,notpassing
256,89,generating
257,0,notpassing
259,3,notpassing
263,3,notpassing
264,0,notpassing
268,89,generating
270,0,notpassing
271,0,notpassing
272,0,notpassing
273,0,notpassing
274,88,generating
278,0,notpassing
279,0,notpassing
281,0,notpassing
282,61,generating
283,54,notpassing
284,0,notpassing
285,0,notpassing
287,50,notpassing
288,0,notpassing
289,85,generating
290,87,generating
291,0,notpassing
293,0,notpassing
296,87,generating
297,0,notpassing
298,0,notpassing
299,0,notpassing
306,0,notpassing
308,0,notpassing
310,0,notpassing
311,83,generating
312,80,generating
313,1,notpassing
314,0,notpassing
318,0,notpassing
319,77,generating
320,0,notpassing
321,83,generating
322,0,notpassing
324,0,notpassing
326,18,notpassing
328,3,notpassing
331,6,notpassing
333,85,generating
337,0,notpassing
340,0,notpassing
341,0,notpassing
345,1,notpassing
347,76,generating
353,0,notpassing
355,0,notpassing
358,0,notpassing
362,0,notpassing
363,0,notpassing
364,0,notpassing
369,0,notpassing
370,14,notpassing
371,0,notpassing
372,0,notpassing
376,14,notpassing
377,0,notpassing
379,0,notpassing
380,93,generating
381,5,notpassing
382,0,notpassing
386,0,notpassing
389,85,generating
390,0,notpassing
391,0,notpassing
395,0,notpassing
396,0,notpassing
399,83,generating
401,0,notpassing
404,0,notpassing
409,0,notpassing
411,0,notpassing
413,0,notpassing
418,53,notpassing
419,0,notpassing
430,0,notpassing
431,0,notpassing
434,88,generating
437,92,generating
448,0,notpassing
456,0,notpassing
459,90,generating
460,0,notpassing
463,81,generating
469,96,generating
471,1,notpassing
480,0,notpassing
482,0,notpassing
483,0,notpassing
484,3,notpassing
485,0,notpassing
488,90,generating
489,0,notpassing
498,19,notpassing
499,0,notpassing
500,74,generating
501,0,notpassing
502,0,notpassing
503,89,generating
505,0,notpassing
507,89,generating
508,0,notpassing
510,63,generating
511,0,notpassing
512,94,generating
513,0,notpassing
518,83,generating
523,0,notpassing
525,0,notpassing
526,0,notpassing
529,0,notpassing
530,0,notpassing
534,0,notpassing
535,0,notpassing
536,91,generating
542,0,notpassing
543,0,notpassing
544,0,notpassing
545,22,notpassing
546,85,generating
547,0,notpassing
548,0,notpassing
550,0,notpassing
551,86,generating
557,0,notpassing
558,0,notpassing
560,0,notpassing
562,0,notpassing
563,0,notpassing
567,0,notpassing
568,17,notpassing
569,0,notpassing
574,0,notpassing
576,0,notpassing
578,0,notpassing
579,0,notpassing
587,0,notpassing
594,0,notpassing
598,0,notpassing
600,0,notpassing
602,0,notpassing
604,95,generating
605,0,notpassing
607,1,notpassing
608,86,generating
611,0,notpassing
613,0,notpassing
618,0,notpassing
630,16,notpassing
636,0,notpassing
638,57,notpassing
639,0,notpassing
640,0,notpassing
641,0,notpassing
642,0,notpassing
643,0,notpassing
647,0,notpassing
650,0,notpassing
652,92,generating
653,0,notpassing
654,89,generating
655,0,notpassing
658,3,notpassing
660,0,notpassing
663,0,notpassing
664,0,notpassing
667,0,notpassing
672,90,generating
676,0,notpassing
680,93,generating
681,0,notpassing
683,0,notpassing
685,0,notpassing
688,0,notpassing
693,19,notpassing
694,0,notpassing
695,0,notpassing
696,0,notpassing
697,0,notpassing
698,3,notpassing
699,0,notpassing
700,0,notpassing
702,90,generating
703,0,notpassing
704,0,notpassing
705,23,notpassing
707,0,notpassing
708,0,notpassing
712,3,notpassing
713,0,notpassing
714,0,notpassing
715,0,notpassing
716,0,notpassing
718,0,notpassing
720,93,generating
722,0,notpassing
723,38,notpassing
724,0,notpassing
725,0,notpassing
726,75,generating
727,26,notpassing
729,4,notpassing
730,0,notpassing
732,38,notpassing
733,0,notpassing
735,0,notpassing
739,87,generating
740,2,notpassing
741,0,notpassing
743,0,notpassing
746,0,notpassing
747,0,notpassing
748,0,notpassing
751,93,generating
753,0,notpassing
754,0,notpassing
756,5,notpassing
757,48,notpassing
762,18,notpassing
763,0,notpassing
767,0,notpassing
769,0,notpassing
770,0,notpassing
771,83,generating
774,0,notpassing
775,0,notpassing
778,0,notpassing
780,1,notpassing
784,0,notpassing
785,88,generating
786,0,notpassing
787,0,notpassing
789,0,notpassing
790,0,notpassing
791,0,notpassing
792,0,notpassing
793,4,notpassing
795,0,notpassing
798,33,notpassing
800,85,generating
805,0,notpassing
807,0,notpassing
809,0,notpassing
811,0,notpassing
813,0,notpassing
815,0,notpassing
816,89,generating
821,87,generating
823,14,notpassing
828,0,notpassing
829,88,generating
830,0,notpassing
832,1,notpassing
834,0,notpassing
835,0,notpassing
841,0,notpassing
843,0,notpassing
845,61,generating
846,0,notpassing
851,83,generating
852,61,generating
853,0,notpassing
857,77,generating
859,0,notpassing
861,0,notpassing
865,0,notpassing
866,0,notpassing
868,0,notpassing
871,92,generating
873,0,notpassing
875,0,notpassing
876,86,generating
877,0,notpassing
880,0,notpassing
884,36,notpassing
885,0,notpassing
886,31,notpassing
887,0,notpassing
889,0,notpassing
891,0,notpassing
894,72,generating
895,0,notpassing
896,0,notpassing
897,0,notpassing
898,0,notpassing
899,0,notpassing
900,38,notpassing
901,0,notpassing
902,0,notpassing
909,0,notpassing
910,0,notpassing
911,0,notpassing
913,0,notpassing
914,0,notpassing
918,0,notpassing
919,0,notpassing
920,0,notpassing
922,0,notpassing
924,0,notpassing
927,0,notpassing
929,87,generating
930,0,notpassing
931,0,notpassing
932,0,notpassing
933,0,notpassing
935,0,notpassing
936,62,generating
937,85,generating
938,0,notpassing
939,0,notpassing
942,0,notpassing
943,0,notpassing
944,23,notpassing
945,0,notpassing
946,7,notpassing
947,0,notpassing
948,0,notpassing
949,0,notpassing
950,0,notpassing
951,0,notpassing
952,67,generating
953,11,notpassing
954,37,notpassing
955,0,notpassing
957,0,notpassing
958,0,notpassing
959,0,notpassing
960,0,notpassing
961,0,notpassing
962,0,notpassing
963,66,generating
964,70,generating
966,82,generating
967,40,notpassing
968,0,notpassing
969,0,notpassing
970,74,generating
973,0,notpassing
974,0,notpassing
977,0,notpassing
978,0,notpassing
979,0,notpassing
980,0,notpassing
982,0,notpassing
985,0,notpassing
986,89,generating
987,0,notpassing
992,9,notpassing
993,0,notpassing
994,0,notpassing
996,45,notpassing
999,5,notpassing
1000,3,notpassing
1003,0,notpassing
1004,0,notpassing
1007,0,notpassing
1008,0,notpassing
1009,87,generating
1013,1,notpassing
1014,0,notpassing
1019,9,notpassing
1021,0,notpassing
1027,0,notpassing
1028,0,notpassing
1029,0,notpassing
1030,0,notpassing
1032,15,notpassing
1033,14,notpassing
1034,0,notpassing
1035,0,notpassing
1036,0,notpassing
1038,0,notpassing
1039,7,notpassing
1040,68,generating
1041,0,notpassing
1042,18,notpassing
1046,0,notpassing
1047,0,notpassing
1048,0,notpassing
1049,95,generating
1050,0,notpassing
1054,0,notpassing
1055,1,notpassing
1059,94,generating
1061,0,notpassing
1062,0,notpassing
1064,1,notpassing
1065,0,notpassing
1068,12,notpassing
1069,0,notpassing
1070,0,notpassing
1072,34,notpassing
1073,0,notpassing
1075,0,notpassing
1076,52,notpassing
1077,0,notpassing
1078,0,notpassing
1080,65,generating
1082,87,generating
1083,0,notpassing
1084,8,notpassing
1085,0,notpassing
1086,0,notpassing
1090,0,notpassing
1092,0,notpassing
1093,0,notpassing
1094,0,notpassing
1096,0,notpassing
1097,0,notpassing
1098,0,notpassing
1100,0,notpassing
1101,0,notpassing
1102,0,notpassing
1106,87,generating
1107,87,generating
1108,42,notpassing
1109,0,notpassing
1111,0,notpassing
1112,91,generating
1115,0,notpassing
1116,95,generating
1120,0,notpassing
1127,0,notpassing
1129,1,notpassing
1130,0,notpassing
1131,88,generating
1134,62,generating
1136,18,notpassing
1140,0,notpassing
1143,0,notpassing
1144,0,notpassing
1145,0,notpassing
1146,90,generating
1147,0,notpassing
1151,87,generating
1152,0,notpassing
1153,0,notpassing
1154,0,notpassing
1159,13,notpassing
1160,1,notpassing
1162,0,notpassing
1163,8,notpassing
1165,0,notpassing
1167,15,notpassing
1168,0,notpassing
1173,0,notpassing
1175,88,generating
1176,0,notpassing
1177,0,notpassing
1180,0,notpassing
1181,0,notpassing
1182,87,generating
1183,0,notpassing
1184,0,notpassing
1185,0,notpassing
1186,0,notpassing
1187,0,notpassing
1188,74,generating
1191,31,notpassing
1199,0,notpassing
1200,45,notpassing
1201,0,notpassing
1204,8,notpassing
1205,0,notpassing
1208,0,notpassing
1213,0,notpassing
1214,15,notpassing
1216,0,notpassing
1221,0,notpassing
1223,0,notpassing
1224,0,notpassing
1225,0,notpassing
1227,76,generating
1228,0,notpassing
1229,0,notpassing
1230,0,notpassing
1233,0,notpassing
1234,0,notpassing
1235,0,notpassing
1236,0,notpassing
1238,0,notpassing
1239,0,notpassing
1240,0,notpassing
1241,91,generating
1243,2,notpassing
1244,0,notpassing
1246,11,notpassing
1249,0,notpassing
1250,5,notpassing
1252,0,notpassing
1255,0,notpassing
1256,0,notpassing
1258,0,notpassing
1260,84,generating
1262,0,notpassing
1263,0,notpassing
1264,0,notpassing
1267,6,notpassing
1273,0,notpassing
1275,0,notpassing
1277,78,generating
1279,0,notpassing
1280,0,notpassing
1282,0,notpassing
1285,0,notpassing
1287,0,notpassing
1293,0,notpassing
1295,93,generating
1296,0,notpassing
1299,0,notpassing
1302,0,notpassing
1303,0,notpassing
1304,0,notpassing
1309,84,generating
1311,95,generating
1312,0,notpassing
1315,0,notpassing
1318,68,generating
1321,0,notpassing
1322,39,notpassing
1326,0,notpassing
1329,0,notpassing
1330,6,notpassing
1331,0,notpassing
1334,0,notpassing
1336,0,notpassing
1343,84,generating
1345,0,notpassing
1346,0,notpassing
1348,0,notpassing
1349,0,notpassing
1350,0,notpassing
1352,0,notpassing
1353,0,notpassing
1354,0,notpassing
1356,30,notpassing
1357,0,notpassing
1358,0,notpassing
1364,0,notpassing
1367,90,generating
1369,0,notpassing
1372,0,notpassing
1375,0,notpassing
1376,0,notpassing
1377,0,notpassing
1379,0,notpassing
1380,0,notpassing
1381,14,notpassing
1387,0,notpassing
1388,90,generating
1389,0,notpassing
1391,0,notpassing
1393,0,notpassing
1395,0,notpassing
1398,0,notpassing
1401,0,notpassing
1404,0,notpassing
1405,0,notpassing
1406,0,notpassing
1407,0,notpassing
1412,0,notpassing
1413,0,notpassing
1415,0,notpassing
1416,0,notpassing
1417,0,notpassing
1418,0,notpassing
1419,0,notpassing
1421,92,generating
1422,0,notpassing
1423,0,notpassing
1424,0,notpassing
1427,80,generating
1428,0,notpassing
1429,0,notpassing
1430,71,generating
1431,0,notpassing
1432,0,notpassing
1433,0,notpassing
1434,0,notpassing
1437,0,notpassing
1438,0,notpassing
1440,0,notpassing
1443,65,generating
1447,0,notpassing
1452,0,notpassing
1453,0,notpassing
1456,84,generating
1458,0,notpassing
1459,0,notpassing
1461,60,generating
1463,0,notpassing
1464,0,notpassing
1466,0,notpassing
1469,0,notpassing
1471,0,notpassing
1472,0,notpassing
1474,0,notpassing
1475,0,notpassing
1479,0,notpassing
1480,27,notpassing
1492,0,notpassing
1494,0,notpassing
1496,36,notpassing
1499,0,notpassing
1503,3,notpassing
1504,0,notpassing
1506,0,notpassing
1507,0,notpassing
1508,14,notpassing
1509,0,notpassing
1514,0,notpassing
1516,1,notpassing
1517,0,notpassing
1524,89,generating
1526,0,notpassing
1527,88,generating
1528,15,notpassing
1529,15,notpassing
1530,0,notpassing
1531,15,notpassing
1532,0,notpassing
1536,0,notpassing
1537,90,generating
1540,0,notpassing
1541,0,notpassing
1544,86,generating
1545,0,notpassing
1549,0,notpassing
1554,87,generating
1556,0,notpassing
1560,0,notpassing
1561,30,notpassing
1564,13,notpassing
1565,0,notpassing
1568,0,notpassing
1570,0,notpassing
1572,0,notpassing
1573,91,generating
1576,0,notpassing
1579,0,notpassing
1580,0,notpassing
1583,0,notpassing
1585,87,generating
1587,0,notpassing
1589,0,notpassing
1591,85,generating
1592,89,generating
1594,0,notpassing
1601,3,notpassing
1604,0,notpassing
1614,0,notpassing
1617,62,generating
1618,90,generating
1621,25,notpassing
1623,82,generating
1624,0,notpassing
1627,88,generating
1632,78,generating
1635,85,generating
1636,0,notpassing
1637,0,notpassing
1640,0,notpassing
1641,0,notpassing
1642,87,generating
1644,0,notpassing
1645,0,notpassing
1650,0,notpassing
1652,0,notpassing
1653,88,generating
1654,87,generating
1657,0,notpassing
1663,0,notpassing
1664,78,generating
1665,0,notpassing
1666,0,notpassing
1672,0,notpassing
1675,0,notpassing
1678,0,notpassing
1683,27,notpassing
1685,91,generating
1691,9,notpassing
1694,0,notpassing
1703,0,notpassing
1704,0,notpassing
1706,0,notpassing
1708,0,notpassing
1710,0,notpassing
1712,0,notpassing
1713,91,generating
1715,0,notpassing
1718,0,notpassing
1719,77,generating
1721,85,generating
1723,85,generating
1729,0,notpassing
1730,0,notpassing
1733,35,notpassing
1735,20,notpassing
1736,2,notpassing
1741,0,notpassing
1743,0,notpassing
1747,0,notpassing
1748,94,generating
1749,92,generating
1751,94,generating
1752,0,notpassing
1756,0,notpassing
1758,0,notpassing
1759,0,notpassing
1761,90,generating
1762,86,generating
1766,0,notpassing
1767,0,notpassing
1769,0,notpassing
1771,92,generating
1775,0,notpassing
1779,0,notpassing
1782,95,generating
1783,0,notpassing
1784,0,notpassing
1790,87,generating
1793,0,notpassing
1794,0,notpassing
1805,83,generating
1806,83,generating
1811,66,generating
1813,48,notpassing
1814,0,notpassing
1821,0,notpassing
1822,89,generating
1824,0,notpassing
1826,0,notpassing
1829,0,notpassing
1833,0,notpassing
1834,1,notpassing
1835,29,notpassing
1836,82,generating
1838,0,notpassing
1839,0,notpassing
1841,76,generating
1842,20,notpassing
1845,0,notpassing
1850,4,notpassing
1851,0,notpassing
1854,39,notpassing
1855,0,notpassing
1856,1,notpassing
1857,0,notpassing
1860,0,notpassing
1863,0,notpassing
1864,0,notpassing
1865,85,generating
1867,89,generating
1868,81,generating
1872,0,notpassing
1874,45,notpassing
1875,89,generating
1876,0,notpassing
1879,89,generating
1880,0,notpassing
1882,85,generating
1885,0,notpassing
1886,90,generating
1889,89,generating
1892,92,generating
1895,0,notpassing
1898,92,generating
1900,91,generating
1902,0,notpassing
1903,16,notpassing
1904,76,generating
1907,0,notpassing
1909,0,notpassing
1910,0,notpassing
1911,0,notpassing
1913,0,notpassing
1914,90,generating
1921,0,notpassing
1922,5,notpassing
1923,0,notpassing
1924,0,notpassing
1925,49,notpassing
1928,36,notpassing
1930,0,notpassing
1932,92,generating
1933,0,notpassing
1936,72,generating
1940,52,notpassing
1943,0,notpassing
1946,0,notpassing
1947,94,generating
1954,86,generating
1955,0,notpassing
1956,75,generating
1958,1,notpassing
1962,0,notpassing
1966,3,notpassing
1969,70,generating
1971,58,notpassing
1978,66,generating
1979,68,generating
1981,0,notpassing
1983,0,notpassing
1993,0,notpassing
1995,77,generating
1999,0,notpassing
2005,0,notpassing
2006,0,notpassing
2007,0,notpassing
2009,0,notpassing
2010,0,notpassing
2012,87,generating
2013,81,generating
2014,0,notpassing
2015,0,notpassing
2018,0,notpassing
2022,81,generating
2024,0,notpassing
2027,0,notpassing
2028,8,notpassing
2032,0,notpassing
2033,0,notpassing
2036,0,notpassing
2038,89,generating
2043,0,notpassing
2047,0,notpassing
2051,92,generating
2052,8,notpassing
2055,0,notpassing
2056,0,notpassing
2061,0,notpassing
2063,0,notpassing
2071,82,generating
2072,0,notpassing
2074,8,notpassing
2081,1,notpassing
2084,0,notpassing
2085,0,notpassing
2086,0,notpassing
2087,5,notpassing
2088,0,notpassing
2091,93,generating
2092,0,notpassing
2093,36,notpassing
2095,0,notpassing
2098,87,generating
2099,0,notpassing
2102,0,notpassing
2103,0,notpassing
2104,0,notpassing
2107,42,notpassing
2108,0,notpassing
2109,0,notpassing
2111,0,notpassing
2113,63,generating
2115,0,notpassing
2126,13,notpassing
2132,0,notpassing
2133,55,notpassing
2136,0,notpassing
2139,68,generating
2141,0,notpassing
2142,0,notpassing
2144,84,generating
2146,86,generating
2147,0,notpassing
2148,83,generating
2149,0,notpassing
2156,1,notpassing
2159,0,notpassing
2160,0,notpassing
2162,0,notpassing
2164,0,notpassing
2165,89,generating
2167,0,notpassing
2169,0,notpassing
2170,0,notpassing
2172,0,notpassing
2175,0,notpassing
2177,78,generating
2182,3,notpassing
2183,90,generating
2186,16,notpassing
2187,12,notpassing
2188,0,notpassing
2192,0,notpassing
2194,0,notpassing
2201,0,notpassing
2203,22,notpassing
2205,48,notpassing
2206,0,notpassing
2207,0,notpassing
2208,0,notpassing
2210,0,notpassing
2211,0,notpassing
2214,0,notpassing
2215,0,notpassing
2218,0,notpassing
2219,89,generating
2224,88,generating
2225,15,notpassing
2226,0,notpassing
2228,47,notpassing
2231,0,notpassing
2232,0,notpassing
2234,33,notpassing
2238,0,notpassing
2241,0,notpassing
2245,89,generating
2247,0,notpassing
2251,0,notpassing
2264,14,notpassing
2266,88,generating
2267,96,generating
2269,85,generating
2271,0,notpassing
2274,91,generating
2275,0,notpassing
2276,5,notpassing
2277,0,notpassing
2279,0,notpassing
2283,0,notpassing
2286,0,notpassing
2287,0,notpassing
2289,0,notpassing
2290,0,notpassing
2292,0,notpassing
2293,0,notpassing
2294,0,notpassing
2295,84,generating
2296,0,notpassing
2297,0,notpassing
2300,0,notpassing
2302,0,notpassing
2303,74,generating
2304,0,notpassing
2306,0,notpassing
2311,0,notpassing
2313,0,notpassing
2315,17,notpassing
2316,28,notpassing
2319,21,notpassing
2321,0,notpassing
2325,0,notpassing
2332,17,notpassing
2333,0,notpassing
2336,0,notpassing
2338,94,generating
2340,39,notpassing
2352,92,generating
2353,23,notpassing
2357,0,notpassing
2360,0,notpassing
2363,0,notpassing
2365,0,notpassing
2367,0,notpassing
2368,0,notpassing
2369,0,notpassing
2372,12,notpassing
2375,88,generating
2376,0,notpassing
2379,89,generating
2381,0,notpassing
2382,0,notpassing
2391,18,notpassing
2394,91,generating
2395,0,notpassing
2398,0,notpassing
2401,0,notpassing
2403,0,notpassing
2404,0,notpassing
2407,25,notpassing
2410,26,notpassing
2411,0,notpassing
2413,92,generating
2415,0,notpassing
2416,0,notpassing
2418,8,notpassing
2420,47,notpassing
2421,16,notpassing
2422,0,notpassing
2424,0,notpassing
2425,34,notpassing
2429,0,notpassing
2431,0,notpassing
2432,0,notpassing
2433,0,notpassing
2434,0,notpassing
2435,0,notpassing
2436,0,notpassing
2438,9,notpassing
2439,0,notpassing
2443,0,notpassing
2444,66,generating
2445,0,notpassing
2446,91,generating
2454,0,notpassing
2456,93,generating
2457,90,generating
2462,0,notpassing
2469,3,notpassing
2472,0,notpassing
2474,0,notpassing
2475,88,generating
2478,0,notpassing
2480,0,notpassing
2482,0,notpassing
2483,91,generating
2486,0,notpassing
2488,93,generating
2489,0,notpassing
2493,0,notpassing
2496,0,notpassing
2498,83,generating
2499,0,notpassing
2500,0,notpassing
2501,45,notpassing
2502,0,notpassing
2506,1,notpassing
2507,0,notpassing
2510,0,notpassing
2511,0,notpassing
2515,0,notpassing
2516,0,notpassing
2517,82,generating
2519,84,generating
2520,92,generating
2521,30,notpassing
2523,0,notpassing
2526,42,notpassing
2528,1,notpassing
2529,84,generating
2538,0,notpassing
2542,30,notpassing
2545,6,notpassing
2547,0,notpassing
2556,0,notpassing
2557,0,notpassing
2560,0,notpassing
2564,7,notpassing
2568,0,notpassing
2570,0,notpassing
2571,11,notpassing
2574,0,notpassing
2576,0,notpassing
2585,0,notpassing
2587,1,notpassing
2589,0,notpassing
2592,0,notpassing
2593,90,generating
2597,0,notpassing
2598,92,generating
2599,0,notpassing
2602,89,generating
2608,92,generating
2611,0,notpassing
2613,0,notpassing
2618,89,generating
2621,1,notpassing
2622,0,notpassing
2624,0,notpassing
2628,0,notpassing
2629,0,notpassing
2631,0,notpassing
2634,27,notpassing
2636,0,notpassing
2637,0,notpassing
2639,32,notpassing
2643,18,notpassing
2644,0,notpassing
2645,15,notpassing
2648,20,notpassing
2649,0,notpassing
2651,0,notpassing
2654,83,generating
2660,0,notpassing
2662,0,notpassing
2666,0,notpassing
2667,0,notpassing
2669,88,generating
2671,0,notpassing
2673,0,notpassing
2674,76,generating
2675,0,notpassing
2677,0,notpassing
2678,0,notpassing
2680,53,notpassing
2682,0,notpassing
2684,90,generating
2686,0,notpassing
2688,10,notpassing
2690,0,notpassing
2695,87,generating
2697,83,generating
2698,85,generating
2701,0,notpassing
2702,0,notpassing
2703,0,notpassing
2704,0,notpassing
2705,0,notpassing
2715,80,generating
2716,0,notpassing
2718,0,notpassing
2721,0,notpassing
2722,7,notpassing
2724,0,notpassing
2726,0,notpassing
2727,0,notpassing
2734,46,notpassing
2738,47,notpassing
2740,0,notpassing
2741,0,notpassing
2743,2,notpassing
2744,0,notpassing
2745,88,generating
2746,0,notpassing
2747,0,notpassing
2750,0,notpassing
2752,0,notpassing
2753,3,notpassing
2754,0,notpassing
2755,0,notpassing
2760,0,notpassing
2761,0,notpassing
2763,6,notpassing
2764,0,notpassing
2765,0,notpassing
2770,16,notpassing
2771,0,notpassing
2773,83,generating
2774,91,generating
2777,0,notpassing
2780,0,notpassing
2786,0,notpassing
2791,0,notpassing
2793,2,notpassing
2795,5,notpassing
2797,0,notpassing
2798,1,notpassing
2800,43,notpassing
2801,3,notpassing
2803,86,generating
2806,91,generating
2808,0,notpassing
2810,0,notpassing
2813,90,generating
2815,0,notpassing
2816,0,notpassing
2820,0,notpassing
2826,0,notpassing
2828,0,notpassing
2829,0,notpassing
2830,0,notpassing
2831,86,generating
2832,0,notpassing
2833,0,notpassing
2835,0,notpassing
2838,0,notpassing
2845,89,generating
2848,80,generating
2849,0,notpassing
2850,0,notpassing
2856,1,notpassing
2858,0,notpassing
2859,0,notpassing
2860,0,notpassing
2861,0,notpassing
2862,0,notpassing
2865,0,notpassing
2866,0,notpassing
2867,42,notpassing
2870,0,notpassing
2871,0,notpassing
2872,0,notpassing
2877,0,notpassing
2878,0,notpassing
2879,17,notpassing
2881,0,notpassing
2884,0,notpassing
2890,0,notpassing
2891,0,notpassing
2893,0,notpassing
2894,0,notpassing
2895,86,generating
2898,91,generating
2903,91,generating
2905,0,notpassing
2909,0,notpassing
2910,0,notpassing
2915,0,notpassing
2916,0,notpassing
2919,91,generating
2923,46,notpassing
2930,92,generating
2932,0,notpassing
2941,0,notpassing
2942,15,notpassing
2947,73,generating
2951,0,notpassing
2952,0,notpassing
2953,0,notpassing
2963,0,notpassing
2966,14,notpassing
2969,75,generating
2970,1,notpassing
2971,4,notpassing
2973,0,notpassing
2982,0,notpassing
2983,0,notpassing
2985,0,notpassing
2987,0,notpassing
2989,89,generating
2993,0,notpassing
3000,0,notpassing
3001,0,notpassing
3007,0,notpassing
3008,87,generating
3009,8,notpassing
3011,0,notpassing
3012,89,generating
3013,84,generating
3015,1,notpassing
3017,0,notpassing
3019,5,notpassing
3025,0,notpassing
3033,75,generating
3038,96,generating
3044,75,generating
3046,84,generating
3047,89,generating
3049,7,notpassing
3051,0,notpassing
3053,60,generating
3057,3,notpassing
3058,77,generating
3060,90,generating
3062,0,notpassing
3067,0,notpassing
3070,0,notpassing
3076,0,notpassing
3077,0,notpassing
3080,0,notpassing
3083,86,generating
3086,0,notpassing
3088,0,notpassing
3094,0,notpassing
3095,91,generating
3096,0,notpassing
3098,0,notpassing
3101,0,notpassing
3102,0,notpassing
3106,0,notpassing
3108,42,notpassing
3113,9,notpassing
3114,29,notpassing
3120,0,notpassing
3122,89,generating
3128,0,notpassing
3129,0,notpassing
3130,48,notpassing
3131,17,notpassing
3136,14,notpassing
3140,0,notpassing
3141,0,notpassing
3144,0,notpassing
3145,0,notpassing
3146,0,notpassing
3152,0,notpassing
3157,3,notpassing
3158,86,generating
3161,0,notpassing
3162,18,notpassing
3163,89,generating
3167,0,notpassing
3169,0,notpassing
3178,0,notpassing
3179,0,notpassing
3180,91,generating
3186,0,notpassing
3200,5,notpassing
3201,76,generating
3209,88,generating
3210,0,notpassing
3211,7,notpassing
3215,9,notpassing
3217,0,notpassing
3220,0,notpassing
3221,0,notpassing
3227,47,notpassing
3232,0,notpassing
3234,0,notpassing
3242,95,generating
3244,0,notpassing
3245,0,notpassing
3249,0,notpassing
3251,0,notpassing
3255,0,notpassing
3256,0,notpassing
3259,85,generating
3262,0,notpassing
3263,87,generating
3270,82,generating
3271,0,notpassing
3273,78,generating
3274,0,notpassing
3276,0,notpassing
3277,0,notpassing
3278,54,notpassing
3279,0,notpassing
3280,18,notpassing
3281,0,notpassing
3282,0,notpassing
3283,0,notpassing
3284,0,notpassing
3290,0,notpassing
3293,5,notpassing
3296,9,notpassing
3297,0,notpassing
3299,0,notpassing
3304,64,generating
3312,0,notpassing
3313,0,notpassing
3315,0,notpassing
3322,0,notpassing
3323,51,notpassing
3324,3,notpassing
3325,0,notpassing
3326,0,notpassing
3328,0,notpassing
3340,67,generating
3344,48,notpassing
3350,0,notpassing
3356,0,notpassing
3363,84,generating
3365,0,notpassing
3367,0,notpassing
3371,0,notpassing
3373,49,notpassing
3374,0,notpassing
3379,0,notpassing
3380,87,generating
3383,0,notpassing
3384,0,notpassing
3387,84,generating
3388,0,notpassing
3389,1,notpassing
3392,0,notpassing
3398,15,notpassing
3399,0,notpassing
3403,0,notpassing
3404,15,notpassing
3407,0,notpassing
3412,39,notpassing
3413,0,notpassing
3414,14,notpassing
3418,0,notpassing
3419,0,notpassing
3425,0,notpassing
3427,0,notpassing
3430,0,notpassing
3433,0,notpassing
3434,0,notpassing
3436,93,generating
3437,0,notpassing
3439,34,notpassing
3440,93,generating
3441,0,notpassing
3442,11,notpassing
3443,0,notpassing
3444,0,notpassing
3445,0,notpassing
3454,82,generating
3455,15,notpassing
3458,68,generating
3459,0,notpassing
3461,5,notpassing
3464,0,notpassing
3467,0,notpassing
3468,18,notpassing
3469,0,notpassing
3470,0,notpassing
3471,41,notpassing
3473,0,notpassing
3475,0,notpassing
3480,89,generating
3481,0,notpassing
3482,0,notpassing
3484,0,notpassing
3489,0,notpassing
3491,0,notpassing
3493,53,notpassing
3494,23,notpassing
3495,0,notpassing
3497,1,notpassing
3500,0,notpassing
3501,0,notpassing
3502,9,notpassing
3503,0,notpassing
3504,3,notpassing
3506,0,notpassing
3507,17,notpassing
3508,0,notpassing
3509,0,notpassing
3514,0,notpassing
3515,0,notpassing
3522,0,notpassing
3524,0,notpassing
3525,80,generating
3526,0,notpassing
3529,0,notpassing
3531,0,notpassing
3532,88,generating
3537,0,notpassing
3538,0,notpassing
3539,0,notpassing
3540,0,notpassing
3542,0,notpassing
3543,0,notpassing
3544,0,notpassing
3546,0,notpassing
3549,0,notpassing
3553,0,notpassing
3554,0,notpassing
3555,0,notpassing
3557,0,notpassing
3558,0,notpassing
3560,0,notpassing
3563,0,notpassing
3564,0,notpassing
3565,0,notpassing
3570,0,notpassing
3573,0,notpassing
3574,0,notpassing
3579,17,notpassing
3582,0,notpassing
3585,0,notpassing
3587,92,generating
3591,0,notpassing
3594,0,notpassing
3595,0,notpassing
3597,0,notpassing
3602,45,notpassing
3605,6,notpassing
3607,0,notpassing
3611,0,notpassing
3612,91,generating
3613,0,notpassing
3616,0,notpassing
3617,0,notpassing
3620,0,notpassing
3621,9,notpassing
3625,0,notpassing
3627,0,notpassing
3628,0,notpassing
3629,88,generating
3632,94,generating
3634,84,generating
3635,0,notpassing
3636,0,notpassing
3637,78,generating
3638,90,generating
3640,0,notpassing
3641,0,notpassing
3642,42,notpassing
3644,67,generating
3645,0,notpassing
3646,0,notpassing
3649,0,notpassing
3650,0,notpassing
3652,18,notpassing
3654,0,notpassing
3658,0,notpassing
3659,0,notpassing
3666,0,notpassing
3668,44,notpassing
3669,0,notpassing
3671,0,notpassing
3673,79,generating
3674,0,notpassing
3679,0,notpassing
3682,1,notpassing
3683,0,notpassing
3684,0,notpassing
3685,0,notpassing
3688,0,notpassing
3689,0,notpassing
3691,9,notpassing
3694,88,generating
3695,0,notpassing
3698,11,notpassing
3703,93,generating
3707,0,notpassing
3708,76,generating
3710,0,notpassing
3711,0,notpassing
3714,0,notpassing
3715,0,notpassing
3716,0,notpassing
3723,0,notpassing
3726,0,notpassing
3727,7,notpassing
3729,0,notpassing
3730,83,generating
3732,0,notpassing
3742,0,notpassing
3745,0,notpassing
3754,0,notpassing
3757,0,notpassing
3760,0,notpassing
3763,84,generating
3764,0,notpassing
3765,1,notpassing
3766,87,generating
3768,78,generating
3769,0,notpassing
3771,0,notpassing
3772,87,generating
3775,0,notpassing
3778,0,notpassing
3782,0,notpassing
3783,0,notpassing
3786,0,notpassing
3787,0,notpassing
3796,0,notpassing
3798,0,notpassing
3801,3,notpassing
3803,0,notpassing
3805,0,notpassing
3810,93,generating
3817,66,generating
3819,14,notpassing
3825,41,notpassing
3826,0,notpassing
3827,1,notpassing
3829,0,notpassing
3833,0,notpassing
3835,0,notpassing
3836,3,notpassing
3840,74,generating
3841,90,generating
3843,0,notpassing
3844,28,notpassing
3848,62,generating
3850,17,notpassing
3856,74,generating
3859,0,notpassing
3867,0,notpassing
3873,0,notpassing
3874,0,notpassing
3879,90,generating
3880,89,generating
3881,0,notpassing
3883,0,notpassing
3886,0,notpassing
3887,1,notpassing
3890,0,notpassing
3891,18,notpassing
3893,0,notpassing
3894,0,notpassing
3897,0,notpassing
3898,0,notpassing
3900,0,notpassing
3903,73,generating
3908,0,notpassing
3909,92,generating
3913,0,notpassing
3916,0,notpassing
3920,0,notpassing
3924,92,generating
3925,0,notpassing
3926,0,notpassing
3929,0,notpassing
3931,0,notpassing
3933,0,notpassing
3934,5,notpassing
3937,0,notpassing
3945,0,notpassing
3957,0,notpassing
3959,0,notpassing
3960,4,notpassing
3962,89,generating
3966,82,generating
3968,9,notpassing
3969,0,notpassing
3972,0,notpassing
3973,0,notpassing
3978,1,notpassing
3979,91,generating
3983,0,notpassing
3984,0,notpassing
3985,0,notpassing
3986,67,generating
3988,0,notpassing
3990,0,notpassing
3994,16,notpassing
3995,0,notpassing
3996,0,notpassing
3998,66,generating
4002,0,notpassing
4003,47,notpassing
4007,0,notpassing
4009,0,notpassing
4010,77,generating
4011,0,notpassing
4012,0,notpassing
4013,0,notpassing
4014,1,notpassing
4017,0,notpassing
4018,0,notpassing
4019,0,notpassing
4021,25,notpassing
4026,0,notpassing
4028,0,notpassing
4030,0,notpassing
4032,0,notpassing
4036,0,notpassing
4038,91,generating
4039,0,notpassing
4042,35,notpassing
4046,0,notpassing
4048,91,generating
4050,0,notpassing
4051,91,generating
4054,89,generating
4059,34,notpassing
4061,0,notpassing
4062,0,notpassing
4067,0,notpassing
4071,0,notpassing
4072,0,notpassing
4074,87,generating
4075,64,generating
4076,0,notpassing
4079,87,generating
4081,0,notpassing
4085,0,notpassing
4086,0,notpassing
4087,91,generating
4088,73,generating
4091,0,notpassing
4093,0,notpassing
4095,0,notpassing
4098,0,notpassing
4099,0,notpassing
4100,0,notpassing
4104,0,notpassing
4105,0,notpassing
4107,79,generating
4108,0,notpassing
4111,0,notpassing
4112,0,notpassing
4114,1,notpassing
4116,0,notpassing
4120,0,notpassing
4123,0,notpassing
4124,0,notpassing
4126,37,notpassing
4131,0,notpassing
4133,86,generating
4142,0,notpassing
4144,0,notpassing
4145,0,notpassing
4149,87,generating
4151,0,notpassing
4152,0,notpassing
4153,1,notpassing
4159,0,notpassing
4160,0,notpassing
4161,0,notpassing
4162,88,generating
4163,89,generating
4166,0,notpassing
4167,0,notpassing
4169,18,notpassing
4172,0,notpassing
4173,28,notpassing
4176,13,notpassing
4179,0,notpassing
4181,0,notpassing
4182,2,notpassing
4183,0,notpassing
4184,14,notpassing
4186,0,notpassing
4191,0,notpassing
4192,33,notpassing
4197,91,generating
4204,2,notpassing
4210,80,generating
4213,0,notpassing
4215,0,notpassing
4219,0,notpassing
4224,88,generating
4227,0,notpassing
4233,0,notpassing
4234,0,notpassing
4235,0,notpassing
4239,3,notpassing
4242,0,notpassing
4244,0,notpassing
4245,0,notpassing
4246,0,notpassing
4247,8,notpassing
4250,0,notpassing
4251,0,notpassing
4252,0,notpassing
4257,1,notpassing
4259,92,generating
4262,0,notpassing
4264,22,notpassing
4275,0,notpassing
4276,15,notpassing
4278,0,notpassing
4279,3,notpassing
4280,0,notpassing
4281,0,notpassing
4283,6,notpassing
4285,0,notpassing
4287,0,notpassing
4290,91,generating
4296,5,notpassing
4299,0,notpassing
4300,0,notpassing
4301,0,notpassing
4302,15,notpassing
4306,61,generating
4308,0,notpassing
4310,0,notpassing
4311,0,notpassing
4317,0,notpassing
4320,0,notpassing
4321,88,generating
4324,16,notpassing
4325,0,notpassing
4326,0,notpassing
4328,0,notpassing
4330,0,notpassing
4331,17,notpassing
4332,0,notpassing
4335,83,generating
4338,87,generating
4339,89,generating
4341,0,notpassing
4343,0,notpassing
4344,91,generating
4346,0,notpassing
4349,83,generating
4350,0,notpassing
4351,0,notpassing
4353,1,notpassing
4355,85,generating
4357,49,notpassing
4358,0,notpassing
4360,0,notpassing
4363,0,notpassing
4364,0,notpassing
4368,73,generating
4370,0,notpassing
4375,0,notpassing
4378,19,notpassing
4381,88,generating
4383,92,generating
4384,0,notpassing
4385,1,notpassing
4387,21,notpassing
4391,0,notpassing
4392,0,notpassing
4393,89,generating
4394,0,notpassing
4395,0,notpassing
4397,81,generating
4401,0,notpassing
4402,93,generating
4407,0,notpassing
4411,0,notpassing
4412,21,notpassing
4414,34,notpassing
4415,0,notpassing
4417,0,notpassing
4420,0,notpassing
4421,0,notpassing
4422,0,notpassing
4426,0,notpassing
4427,91,generating
4429,0,notpassing
4430,0,notpassing
4437,0,notpassing
4445,3,notpassing
4446,80,generating
4450,0,notpassing
4452,0,notpassing
4453,0,notpassing
4455,80,generating
4456,0,notpassing
4457,7,notpassing
4460,0,notpassing
4461,0,notpassing
4462,90,generating
4463,16,notpassing
4464,1,notpassing
4465,0,notpassing
4466,13,notpassing
4469,0,notpassing
4470,0,notpassing
4472,0,notpassing
4475,1,notpassing
4476,0,notpassing
4478,0,notpassing
4479,0,notpassing
4480,0,notpassing
4481,0,notpassing
4483,0,notpassing
4487,0,notpassing
4490,0,notpassing
4492,0,notpassing
4496,0,notpassing
4500,0,notpassing
4503,0,notpassing
4507,0,notpassing
4508,29,notpassing
4510,0,notpassing
4516,0,notpassing
4518,3,notpassing
4519,72,generating
4520,3,notpassing
4521,0,notpassing
4522,0,notpassing
4524,0,notpassing
4525,0,notpassing
4527,89,generating
4529,0,notpassing
4532,0,notpassing
4534,90,generating
4535,86,generating
4536,83,generating
4542,0,notpassing
4544,0,notpassing
4545,0,notpassing
4549,0,notpassing
4553,0,notpassing
4554,90,generating
4555,0,notpassing
4556,7,notpassing
4559,0,notpassing
4560,0,notpassing
4565,86,generating
4566,67,generating
4567,0,notpassing
4570,10,notpassing
4572,0,notpassing
4573,0,notpassing
4575,0,notpassing
4578,33,notpassing
4585,91,generating
4587,0,notpassing
4591,6,notpassing
4592,0,notpassing
4593,0,notpassing
4597,0,notpassing
4598,0,notpassing
4599,89,generating
4600,4,notpassing
4601,30,notpassing
4602,42,notpassing
4611,80,generating
4612,16,notpassing
4615,14,notpassing
4618,0,notpassing
4620,0,notpassing
4625,90,generating
4630,0,notpassing
4631,0,notpassing
4634,21,notpassing
4636,19,notpassing
4639,17,notpassing
4645,17,notpassing
4648,0,notpassing
4650,49,notpassing
4655,85,generating
4657,88,generating
4658,0,notpassing
4660,48,notpassing
4663,0,notpassing
4664,92,generating
4665,63,generating
4666,65,generating
4670,91,generating
4671,0,notpassing
4672,89,generating
4675,81,generating
4679,0,notpassing
4684,89,generating
4685,87,generating
4686,0,notpassing
4691,0,notpassing
4693,0,notpassing
4695,2,notpassing
4696,0,notpassing
4697,0,notpassing
4700,0,notpassing
4703,0,notpassing
4705,0,notpassing
4706,83,generating
4711,0,notpassing
4713,0,notpassing
4716,0,notpassing
4719,0,notpassing
4720,90,generating
4721,94,generating
4734,0,notpassing
4735,79,generating
4737,0,notpassing
4739,0,notpassing
4740,0,notpassing
4742,0,notpassing
4744,82,generating
4745,0,notpassing
4750,0,notpassing
4758,0,notpassing
4760,37,notpassing
4762,0,notpassing
4763,0,notpassing
4764,0,notpassing
4765,5,notpassing
4767,0,notpassing
4768,3,notpassing
4769,12,notpassing
4772,0,notpassing
4773,0,notpassing
4774,88,generating
4776,0,notpassing
4779,0,notpassing
4780,3,notpassing
4781,92,generating
4785,0,notpassing
4786,0,notpassing
4787,0,notpassing
4790,0,notpassing
4792,0,notpassing
4793,0,notpassing
4798,0,notpassing
4800,0,notpassing
4804,0,notpassing
4805,0,notpassing
4807,72,generating
4808,0,notpassing
4809,0,notpassing
4810,93,generating
4812,0,notpassing
4816,29,notpassing
4817,0,notpassing
4819,0,notpassing
4824,0,notpassing
4830,80,generating
4833,0,notpassing
4836,92,generating
4838,0,notpassing
4839,14,notpassing
4841,0,notpassing
4842,91,generating
4844,0,notpassing
4846,81,generating
4847,0,notpassing
4848,0,notpassing
4850,0,notpassing
4853,0,notpassing
4854,0,notpassing
4866,0,notpassing
4869,0,notpassing
4870,0,notpassing
4879,1,notpassing
4880,0,notpassing
4882,0,notpassing
4888,2,notpassing
4889,0,notpassing
4892,75,generating
4893,0,notpassing
4896,0,notpassing
4900,0,notpassing
4903,0,notpassing
4905,0,notpassing
4906,6,notpassing
4908,86,generating
4912,0,notpassing
4915,80,generating
4917,0,notpassing
4918,0,notpassing
4920,89,generating
4928,6,notpassing
4929,0,notpassing
4931,5,notpassing
4933,0,notpassing
4935,0,notpassing
4936,0,notpassing
4939,0,notpassing
4941,0,notpassing
4948,7,notpassing
4949,82,generating
4951,0,notpassing
4954,0,notpassing
4963,0,notpassing
4967,0,notpassing
4971,0,notpassing
4974,0,notpassing
4977,0,notpassing
4981,0,notpassing
4994,0,notpassing
4996,0,notpassing
5003,82,generating
5004,0,notpassing
5006,86,generating
5007,0,notpassing
5017,85,generating
5018,0,notpassing
5019,0,notpassing
5022,0,notpassing
5025,0,notpassing
5033,0,notpassing
5039,87,generating
5043,73,generating
5044,0,notpassing
5050,83,generating
5054,91,generating
5056,91,generating
5058,0,notpassing
5064,2,notpassing
5066,0,notpassing
5067,45,notpassing
5070,0,notpassing
5076,0,notpassing
5084,0,notpassing
5085,48,notpassing
5088,91,generating
5090,0,notpassing
5091,84,generating
5092,59,notpassing
5096,0,notpassing
5097,0,notpassing
5098,0,notpassing
5101,0,notpassing
5103,0,notpassing
5108,0,notpassing
5111,0,notpassing
5112,0,notpassing
5130,0,notpassing
5132,17,notpassing
5134,76,generating
5136,0,notpassing
5143,89,generating
5150,28,notpassing
5168,82,generating
5183,0,notpassing
5188,0,notpassing
5210,35,notpassing
5226,81,generating
5233,0,notpassing
5241,0,notpassing
5250,26,notpassing
5257,0,notpassing
5262,0,notpassing
5276,34,notpassing
5281,0,notpassing
5292,55,notpassing
5303,0,notpassing
5305,0,notpassing
5309,0,notpassing
5320,9,notpassing
5321,8,notpassing
5333,0,notpassing
5336,0,notpassing
5341,0,notpassing
5348,0,notpassing
5356,6,notpassing
5360,0,notpassing
5368,35,notpassing
5370,0,notpassing
5375,0,notpassing
5383,26,notpassing
5401,9,notpassing
5403,0,notpassing
5413,0,notpassing
5415,0,notpassing
5430,0,notpassing
5442,3,notpassing
5445,0,notpassing
5454,63,generating
5461,20,notpassing
5474,85,generating
5476,0,notpassing
5481,0,notpassing
5483,70,generating
5493,0,notpassing
5514,0,notpassing
5517,0,notpassing
5518,0,notpassing
5521,5,notpassing
5532,0,notpassing
5533,0,notpassing
5535,0,notpassing
5537,0,notpassing
5538,33,notpassing
5544,3,notpassing
5546,21,notpassing
5547,18,notpassing
5548,0,notpassing
5549,83,generating
5550,20,notpassing
5554,20,notpassing
5557,0,notpassing
5558,84,generating
5559,0,notpassing
5560,90,generating
5566,67,generating
5567,0,notpassing
5571,79,generating
5572,0,notpassing
5574,0,notpassing
5578,1,notpassing
5579,0,notpassing
5580,0,notpassing
5581,0,notpassing
5582,0,notpassing
5585,0,notpassing
5592,0,notpassing
5601,1,notpassing
5609,0,notpassing
5611,84,generating
5618,0,notpassing
5619,0,notpassing
5625,0,notpassing
5627,88,generating
5632,0,notpassing
5637,0,notpassing
5638,7,notpassing
5639,33,notpassing
5640,84,generating
5641,0,notpassing
5642,0,notpassing
5647,0,notpassing
5648,0,notpassing
5650,14,notpassing
5651,0,notpassing
5659,0,notpassing
5660,89,generating
5661,0,notpassing
5666,0,notpassing
5667,0,notpassing
5668,93,generating
5669,0,notpassing
5672,58,notpassing
5677,0,notpassing
5681,0,notpassing
5682,93,generating
5686,0,notpassing
5692,0,notpassing
5693,0,notpassing
5695,0,notpassing
5697,0,notpassing
5700,51,notpassing
5704,1,notpassing
5706,0,notpassing
5708,0,notpassing
5709,0,notpassing
5712,36,notpassing
5713,0,notpassing
5715,0,notpassing
5720,2,notpassing
5721,77,generating
5722,0,notpassing
5726,44,notpassing
5727,9,notpassing
5733,0,notpassing
5737,0,notpassing
5738,0,notpassing
5739,0,notpassing
5744,0,notpassing
5746,22,notpassing
5749,0,notpassing
5753,31,notpassing
5755,0,notpassing
5757,15,notpassing
5759,85,generating
5762,0,notpassing
5763,0,notpassing
5766,0,notpassing
5767,0,notpassing
5774,88,generating
5778,0,notpassing
5782,35,notpassing
5787,89,generating
5789,0,notpassing
5793,0,notpassing
5798,0,notpassing
5800,0,notpassing
5801,92,generating
5802,0,notpassing
5803,0,notpassing
5808,0,notpassing
5809,27,notpassing
5812,0,notpassing
5816,88,generating
5823,0,notpassing
5826,3,notpassing
5828,0,notpassing
5833,0,notpassing
5834,11,notpassing
5838,93,generating
5839,3,notpassing
5840,0,notpassing
5842,1,notpassing
5845,0,notpassing
5848,29,notpassing
5850,0,notpassing
5851,13,notpassing
5856,95,generating
5860,0,notpassing
5862,85,generating
5864,0,notpassing
5869,86,generating
5870,8,notpassing
5872,0,notpassing
5876,0,notpassing
5879,0,notpassing
5883,21,notpassing
5884,0,notpassing
5887,93,generating
5889,0,notpassing
5890,0,notpassing
5892,0,notpassing
5905,0,notpassing
5907,0,notpassing
5910,0,notpassing
5912,0,notpassing
5913,0,notpassing
5914,67,generating
5918,0,notpassing
5919,0,notpassing
5922,0,notpassing
5926,0,notpassing
5929,0,notpassing
5930,0,notpassing
5933,0,notpassing
5936,0,notpassing
5939,91,generating
5950,0,notpassing
5951,0,notpassing
5955,0,notpassing
5957,0,notpassing
5958,16,notpassing
5961,32,notpassing
5968,0,notpassing
5969,0,notpassing
5974,0,notpassing
5977,0,notpassing
5979,0,notpassing
5981,0,notpassing
5992,10,notpassing
5994,0,notpassing
5999,0,notpassing
6000,0,notpassing
6001,0,notpassing
6002,8,notpassing
6006,28,notpassing
6007,0,notpassing
6008,0,notpassing
6011,80,generating
6014,2,notpassing
6015,18,notpassing
6016,1,notpassing
6024,0,notpassing
6026,82,generating
6028,0,notpassing
6033,54,notpassing
6035,0,notpassing
6036,0,notpassing
6038,0,notpassing
6042,31,notpassing
6045,82,generating
6047,0,notpassing
6048,0,notpassing
6054,0,notpassing
6055,0,notpassing
6063,0,notpassing
6064,0,notpassing
6074,91,generating
6075,0,notpassing
6078,0,notpassing
6092,6,notpassing
6094,0,notpassing
6099,0,notpassing
6101,0,notpassing
6103,0,notpassing
6106,0,notpassing
6110,0,notpassing
6115,77,generating
6132,55,notpassing
6134,0,notpassing
6136,0,notpassing
6137,0,notpassing
6138,0,notpassing
6140,0,notpassing
6141,0,notpassing
6142,3,notpassing
6143,0,notpassing
6146,0,notpassing
6148,0,notpassing
6151,0,notpassing
6152,0,notpassing
6153,0,notpassing
6156,0,notpassing
6159,4,notpassing
6160,0,notpassing
6161,0,notpassing
6164,0,notpassing
6171,84,generating
6174,0,notpassing
6180,0,notpassing
6185,0,notpassing
6189,88,generating
6191,0,notpassing
6192,91,generating
6193,3,notpassing
6197,0,notpassing
6204,0,notpassing
6208,24,notpassing
6218,0,notpassing
6255,0,notpassing
